time,province,city,temperature,temp_min,temp_max,humidity,feels_like,visibility,precipitation,cloudcover,wind_speed,wind_gust,wind_direction,pressure,is_day,weather_code,weather_main,weather_description,weather_icon
2025-06-29 23:29:22,Kien Giang-Ha Tien,Ha Tien,26.59,26.59,26.59,81.0,26.59,10000.0,0.0,100.0,5.18,11.72,285.0,1008.0,0,804,Clouds,overcast clouds,04n
2025-06-29 23:30:30,Kien Giang-Ha Tien,Ha Tien,26.59,26.59,26.59,81.0,26.59,10000.0,0.0,100.0,5.18,11.72,285.0,1008.0,0,804,Clouds,overcast clouds,04n
2025-06-29 23:32:58,Kien Giang-Ha Tien,Ha Tien,26.59,26.59,26.59,81.0,26.59,10000.0,0.0,100.0,5.18,11.72,285.0,1008.0,0,804,Clouds,overcast clouds,04n
2025-06-29 23:35:01,Kien Giang-Ha Tien,Ha Tien,26.59,26.59,26.59,81.0,26.59,10000.0,0.0,100.0,5.18,11.72,285.0,1008.0,0,804,Clouds,overcast clouds,04n
2025-06-29 23:37:03,Kien Giang-Ha Tien,Ha Tien,26.59,26.59,26.59,81.0,26.59,10000.0,0.0,100.0,5.18,11.72,285.0,1008.0,0,804,Clouds,overcast clouds,04n
2025-06-29 23:39:10,Kien Giang-Ha Tien,Ha Tien,26.59,26.59,26.59,81.0,26.59,10000.0,0.0,100.0,5.18,11.72,285.0,1008.0,0,804,Clouds,overcast clouds,04n
2025-06-29 23:41:11,Kien Giang-Ha Tien,Ha Tien,26.59,26.59,26.59,81.0,26.59,10000.0,0.0,100.0,5.18,11.72,285.0,1008.0,0,804,Clouds,overcast clouds,04n
2025-06-29 23:43:22,Kien Giang-Ha Tien,Ha Tien,26.53,26.53,26.53,81.0,26.53,10000.0,0.0,100.0,4.66,9.24,287.0,1007.0,0,804,Clouds,overcast clouds,04n
2025-06-29 23:45:25,Kien Giang-Ha Tien,Ha Tien,26.53,26.53,26.53,81.0,26.53,10000.0,0.0,100.0,4.66,9.24,287.0,1007.0,0,804,Clouds,overcast clouds,04n
2025-06-29 23:47:28,Kien Giang-Ha Tien,Ha Tien,26.53,26.53,26.53,81.0,26.53,10000.0,0.0,100.0,4.66,9.24,287.0,1007.0,0,804,Clouds,overcast clouds,04n
2025-06-29 23:49:29,Kien Giang-Ha Tien,Ha Tien,26.53,26.53,26.53,81.0,26.53,10000.0,0.0,100.0,4.66,9.24,287.0,1007.0,0,804,Clouds,overcast clouds,04n
2025-06-29 23:51:30,Kien Giang-Ha Tien,Ha Tien,26.54,26.54,26.54,81.0,26.54,10000.0,0.0,100.0,4.66,9.24,287.0,1007.0,0,804,Clouds,overcast clouds,04n
2025-06-29 23:53:31,Kien Giang-Ha Tien,Ha Tien,26.54,26.54,26.54,81.0,26.54,10000.0,0.0,100.0,4.66,9.24,287.0,1007.0,0,804,Clouds,overcast clouds,04n
2025-06-29 23:55:32,Kien Giang-Ha Tien,Ha Tien,26.54,26.54,26.54,81.0,26.54,10000.0,0.0,100.0,4.66,9.24,287.0,1007.0,0,804,Clouds,overcast clouds,04n
2025-06-29 23:57:33,Kien Giang-Ha Tien,Ha Tien,26.54,26.54,26.54,81.0,26.54,10000.0,0.0,100.0,4.66,9.24,287.0,1007.0,0,804,Clouds,overcast clouds,04n
2025-06-29 23:59:35,Kien Giang-Ha Tien,Ha Tien,26.54,26.54,26.54,81.0,26.54,10000.0,0.0,100.0,4.66,9.24,287.0,1007.0,0,804,Clouds,overcast clouds,04n
2025-06-30 00:01:37,Kien Giang-Ha Tien,Ha Tien,26.53,26.53,26.53,82.0,26.53,10000.0,0.0,100.0,4.66,9.24,287.0,1007.0,0,804,Clouds,overcast clouds,04n
2025-06-30 00:03:38,Kien Giang-Ha Tien,Ha Tien,26.53,26.53,26.53,82.0,26.53,10000.0,0.0,100.0,4.66,9.24,287.0,1007.0,0,804,Clouds,overcast clouds,04n
2025-06-30 00:05:38,Kien Giang-Ha Tien,Ha Tien,26.53,26.53,26.53,82.0,26.53,10000.0,0.0,100.0,4.66,9.24,287.0,1007.0,0,804,Clouds,overcast clouds,04n
2025-06-30 00:07:39,Kien Giang-Ha Tien,Ha Tien,26.53,26.53,26.53,82.0,26.53,10000.0,0.0,100.0,4.66,9.24,287.0,1007.0,0,804,Clouds,overcast clouds,04n
2025-06-30 00:09:40,Kien Giang-Ha Tien,Ha Tien,26.53,26.53,26.53,82.0,26.53,10000.0,0.0,100.0,4.66,9.24,287.0,1007.0,0,804,Clouds,overcast clouds,04n
2025-06-30 00:11:40,Kien Giang-Ha Tien,Ha Tien,26.53,26.53,26.53,82.0,26.53,10000.0,0.0,100.0,4.66,9.24,287.0,1007.0,0,804,Clouds,overcast clouds,04n
2025-06-30 00:13:42,Kien Giang-Ha Tien,Ha Tien,26.53,26.53,26.53,82.0,26.53,10000.0,0.0,100.0,4.66,9.24,287.0,1007.0,0,804,Clouds,overcast clouds,04n
2025-06-30 00:15:42,Kien Giang-Ha Tien,Ha Tien,26.53,26.53,26.53,82.0,26.53,10000.0,0.0,100.0,4.66,9.24,287.0,1007.0,0,804,Clouds,overcast clouds,04n
2025-06-30 00:17:44,Kien Giang-Ha Tien,Ha Tien,26.53,26.53,26.53,82.0,26.53,10000.0,0.0,100.0,4.66,9.24,287.0,1007.0,0,804,Clouds,overcast clouds,04n
2025-06-30 00:19:46,Kien Giang-Ha Tien,Ha Tien,26.53,26.53,26.53,82.0,26.53,10000.0,0.0,100.0,4.66,9.24,287.0,1007.0,0,804,Clouds,overcast clouds,04n
2025-06-30 00:21:46,Kien Giang-Ha Tien,Ha Tien,26.53,26.53,26.53,82.0,26.53,10000.0,0.0,100.0,4.66,9.24,287.0,1007.0,0,804,Clouds,overcast clouds,04n
2025-06-30 00:23:46,Kien Giang-Ha Tien,Ha Tien,26.53,26.53,26.53,82.0,26.53,10000.0,0.0,100.0,4.66,9.24,287.0,1007.0,0,804,Clouds,overcast clouds,04n
2025-06-30 00:25:48,Kien Giang-Ha Tien,Ha Tien,26.53,26.53,26.53,82.0,26.53,10000.0,0.0,100.0,4.66,9.24,287.0,1007.0,0,804,Clouds,overcast clouds,04n
2025-06-30 00:27:50,Kien Giang-Ha Tien,Ha Tien,26.53,26.53,26.53,82.0,26.53,10000.0,0.0,100.0,4.66,9.24,287.0,1007.0,0,804,Clouds,overcast clouds,04n
2025-06-30 00:29:51,Kien Giang-Ha Tien,Ha Tien,26.53,26.53,26.53,82.0,26.53,10000.0,0.0,100.0,4.66,9.24,287.0,1007.0,0,804,Clouds,overcast clouds,04n
2025-06-30 00:31:51,Kien Giang-Ha Tien,Ha Tien,26.53,26.53,26.53,82.0,26.53,10000.0,0.0,100.0,4.66,9.24,287.0,1007.0,0,804,Clouds,overcast clouds,04n
2025-06-30 00:33:50,Kien Giang-Ha Tien,Ha Tien,26.45,26.45,26.45,81.0,26.45,10000.0,0.0,100.0,4.66,9.51,283.0,1006.0,0,804,Clouds,overcast clouds,04n
2025-06-30 00:35:49,Kien Giang-Ha Tien,Ha Tien,26.45,26.45,26.45,81.0,26.45,10000.0,0.0,100.0,4.66,9.51,283.0,1006.0,0,804,Clouds,overcast clouds,04n
2025-06-30 00:37:48,Kien Giang-Ha Tien,Ha Tien,26.45,26.45,26.45,81.0,26.45,10000.0,0.0,100.0,4.66,9.51,283.0,1006.0,0,804,Clouds,overcast clouds,04n
2025-06-30 00:39:47,Kien Giang-Ha Tien,Ha Tien,26.45,26.45,26.45,81.0,26.45,10000.0,0.0,100.0,4.66,9.51,283.0,1006.0,0,804,Clouds,overcast clouds,04n
2025-06-30 00:41:46,Kien Giang-Ha Tien,Ha Tien,26.45,26.45,26.45,81.0,26.45,10000.0,0.0,100.0,4.66,9.51,283.0,1006.0,0,804,Clouds,overcast clouds,04n
2025-06-30 00:43:46,Kien Giang-Ha Tien,Ha Tien,26.45,26.45,26.45,81.0,26.45,10000.0,0.0,100.0,4.66,9.51,283.0,1006.0,0,804,Clouds,overcast clouds,04n
2025-06-30 00:45:46,Kien Giang-Ha Tien,Ha Tien,26.45,26.45,26.45,81.0,26.45,10000.0,0.0,100.0,4.66,9.51,283.0,1006.0,0,804,Clouds,overcast clouds,04n
2025-06-30 00:47:46,Kien Giang-Ha Tien,Ha Tien,26.45,26.45,26.45,81.0,26.45,10000.0,0.0,100.0,4.66,9.51,283.0,1006.0,0,804,Clouds,overcast clouds,04n
2025-06-30 00:49:45,Kien Giang-Ha Tien,Ha Tien,26.45,26.45,26.45,81.0,26.45,10000.0,0.0,100.0,4.66,9.51,283.0,1006.0,0,804,Clouds,overcast clouds,04n
2025-06-30 00:51:43,Kien Giang-Ha Tien,Ha Tien,26.45,26.45,26.45,81.0,26.45,10000.0,0.0,100.0,4.66,9.51,283.0,1006.0,0,804,Clouds,overcast clouds,04n
2025-06-30 00:53:42,Kien Giang-Ha Tien,Ha Tien,26.45,26.45,26.45,81.0,26.45,10000.0,0.0,100.0,4.66,9.51,283.0,1006.0,0,804,Clouds,overcast clouds,04n
2025-06-30 00:55:41,Kien Giang-Ha Tien,Ha Tien,26.45,26.45,26.45,81.0,26.45,10000.0,0.0,100.0,4.66,9.51,283.0,1006.0,0,804,Clouds,overcast clouds,04n
2025-06-30 00:57:40,Kien Giang-Ha Tien,Ha Tien,26.45,26.45,26.45,81.0,26.45,10000.0,0.0,100.0,4.66,9.51,283.0,1006.0,0,804,Clouds,overcast clouds,04n
2025-06-30 00:59:41,Kien Giang-Ha Tien,Ha Tien,26.45,26.45,26.45,81.0,26.45,10000.0,0.0,100.0,4.66,9.51,283.0,1006.0,0,804,Clouds,overcast clouds,04n
2025-06-30 01:01:43,Kien Giang-Ha Tien,Ha Tien,26.45,26.45,26.45,81.0,26.45,10000.0,0.0,100.0,4.66,9.51,283.0,1006.0,0,804,Clouds,overcast clouds,04n
2025-06-30 01:03:42,Kien Giang-Ha Tien,Ha Tien,26.45,26.45,26.45,81.0,26.45,10000.0,0.0,100.0,4.66,9.51,283.0,1006.0,0,804,Clouds,overcast clouds,04n
2025-06-30 01:05:41,Kien Giang-Ha Tien,Ha Tien,26.33,26.33,26.33,83.0,26.33,10000.0,0.0,100.0,4.66,9.51,283.0,1007.0,0,804,Clouds,overcast clouds,04n
2025-06-30 01:07:43,Kien Giang-Ha Tien,Ha Tien,26.33,26.33,26.33,83.0,26.33,10000.0,0.0,100.0,4.66,9.51,283.0,1007.0,0,804,Clouds,overcast clouds,04n
2025-06-30 01:09:45,Kien Giang-Ha Tien,Ha Tien,26.33,26.33,26.33,83.0,26.33,10000.0,0.0,100.0,4.66,9.51,283.0,1007.0,0,804,Clouds,overcast clouds,04n
2025-06-30 01:11:50,Kien Giang-Ha Tien,Ha Tien,26.33,26.33,26.33,83.0,26.33,10000.0,0.0,100.0,4.66,9.51,283.0,1007.0,0,804,Clouds,overcast clouds,04n
2025-06-30 01:13:51,Kien Giang-Ha Tien,Ha Tien,26.33,26.33,26.33,83.0,26.33,10000.0,0.0,100.0,4.66,9.51,283.0,1007.0,0,804,Clouds,overcast clouds,04n
2025-06-30 01:15:52,Kien Giang-Ha Tien,Ha Tien,26.33,26.33,26.33,83.0,26.33,10000.0,0.0,100.0,4.66,9.51,283.0,1007.0,0,804,Clouds,overcast clouds,04n
2025-06-30 01:17:54,Kien Giang-Ha Tien,Ha Tien,26.33,26.33,26.33,83.0,26.33,10000.0,0.0,100.0,4.66,9.51,283.0,1007.0,0,804,Clouds,overcast clouds,04n
2025-06-30 01:19:55,Kien Giang-Ha Tien,Ha Tien,26.33,26.33,26.33,83.0,26.33,10000.0,0.0,100.0,4.66,9.51,283.0,1007.0,0,804,Clouds,overcast clouds,04n
2025-06-30 01:21:56,Kien Giang-Ha Tien,Ha Tien,26.33,26.33,26.33,83.0,26.33,10000.0,0.0,100.0,4.66,9.51,283.0,1007.0,0,804,Clouds,overcast clouds,04n
2025-06-30 01:23:57,Kien Giang-Ha Tien,Ha Tien,26.33,26.33,26.33,83.0,26.33,10000.0,0.0,100.0,4.66,9.51,283.0,1007.0,0,804,Clouds,overcast clouds,04n
2025-06-30 01:25:58,Kien Giang-Ha Tien,Ha Tien,26.33,26.33,26.33,83.0,26.33,10000.0,0.0,100.0,4.66,9.51,283.0,1007.0,0,804,Clouds,overcast clouds,04n
2025-06-30 01:28:00,Kien Giang-Ha Tien,Ha Tien,26.33,26.33,26.33,83.0,26.33,10000.0,0.0,100.0,4.66,9.51,283.0,1007.0,0,804,Clouds,overcast clouds,04n
2025-06-30 01:30:03,Kien Giang-Ha Tien,Ha Tien,26.33,26.33,26.33,83.0,26.33,10000.0,0.0,100.0,4.66,9.51,283.0,1007.0,0,804,Clouds,overcast clouds,04n
2025-06-30 01:32:10,Kien Giang-Ha Tien,Ha Tien,26.33,26.33,26.33,82.0,26.33,10000.0,0.0,100.0,3.68,7.63,282.0,1006.0,0,804,Clouds,overcast clouds,04n
2025-06-30 01:34:12,Kien Giang-Ha Tien,Ha Tien,26.33,26.33,26.33,82.0,26.33,10000.0,0.0,100.0,3.68,7.63,282.0,1006.0,0,804,Clouds,overcast clouds,04n
2025-06-30 01:36:13,Kien Giang-Ha Tien,Ha Tien,26.33,26.33,26.33,82.0,26.33,10000.0,0.0,100.0,3.68,7.63,282.0,1006.0,0,804,Clouds,overcast clouds,04n
2025-06-30 01:38:15,Kien Giang-Ha Tien,Ha Tien,26.33,26.33,26.33,82.0,26.33,10000.0,0.0,100.0,3.68,7.63,282.0,1006.0,0,804,Clouds,overcast clouds,04n
2025-06-30 01:40:15,Kien Giang-Ha Tien,Ha Tien,26.34,26.34,26.34,82.0,26.34,10000.0,0.0,100.0,3.68,7.63,282.0,1006.0,0,804,Clouds,overcast clouds,04n
2025-06-30 01:42:16,Kien Giang-Ha Tien,Ha Tien,26.34,26.34,26.34,82.0,26.34,10000.0,0.0,100.0,3.68,7.63,282.0,1006.0,0,804,Clouds,overcast clouds,04n
2025-06-30 01:44:18,Kien Giang-Ha Tien,Ha Tien,26.34,26.34,26.34,82.0,26.34,10000.0,0.0,100.0,3.68,7.63,282.0,1006.0,0,804,Clouds,overcast clouds,04n
2025-06-30 01:46:19,Kien Giang-Ha Tien,Ha Tien,26.34,26.34,26.34,82.0,26.34,10000.0,0.0,100.0,3.68,7.63,282.0,1006.0,0,804,Clouds,overcast clouds,04n
2025-06-30 01:48:20,Kien Giang-Ha Tien,Ha Tien,26.34,26.34,26.34,82.0,26.34,10000.0,0.0,100.0,3.68,7.63,282.0,1006.0,0,804,Clouds,overcast clouds,04n
2025-06-30 01:50:22,Kien Giang-Ha Tien,Ha Tien,26.34,26.34,26.34,82.0,26.34,10000.0,0.0,100.0,3.68,7.63,282.0,1006.0,0,804,Clouds,overcast clouds,04n
2025-06-30 01:52:26,Kien Giang-Ha Tien,Ha Tien,26.34,26.34,26.34,82.0,26.34,10000.0,0.0,100.0,3.68,7.63,282.0,1006.0,0,804,Clouds,overcast clouds,04n
2025-06-30 01:54:27,Kien Giang-Ha Tien,Ha Tien,26.34,26.34,26.34,82.0,26.34,10000.0,0.0,100.0,3.68,7.63,282.0,1006.0,0,804,Clouds,overcast clouds,04n
2025-06-30 01:56:27,Kien Giang-Ha Tien,Ha Tien,26.34,26.34,26.34,82.0,26.34,10000.0,0.0,100.0,3.68,7.63,282.0,1006.0,0,804,Clouds,overcast clouds,04n
2025-06-30 01:58:40,Kien Giang-Ha Tien,Ha Tien,26.34,26.34,26.34,82.0,26.34,10000.0,0.0,100.0,3.68,7.63,282.0,1006.0,0,804,Clouds,overcast clouds,04n
2025-06-30 02:00:41,Kien Giang-Ha Tien,Ha Tien,26.34,26.34,26.34,82.0,26.34,10000.0,0.0,100.0,3.68,7.63,282.0,1006.0,0,804,Clouds,overcast clouds,04n
2025-06-30 02:02:43,Kien Giang-Ha Tien,Ha Tien,26.34,26.34,26.34,82.0,26.34,10000.0,0.0,100.0,3.68,7.63,282.0,1006.0,0,804,Clouds,overcast clouds,04n
2025-06-30 02:04:45,Kien Giang-Ha Tien,Ha Tien,26.34,26.34,26.34,82.0,26.34,10000.0,0.0,100.0,3.68,7.63,282.0,1006.0,0,804,Clouds,overcast clouds,04n
2025-06-30 02:06:46,Kien Giang-Ha Tien,Ha Tien,26.34,26.34,26.34,83.0,26.34,10000.0,0.0,100.0,3.68,7.63,282.0,1006.0,0,804,Clouds,overcast clouds,04n
2025-06-30 02:08:45,Kien Giang-Ha Tien,Ha Tien,26.34,26.34,26.34,83.0,26.34,10000.0,0.0,100.0,3.68,7.63,282.0,1006.0,0,804,Clouds,overcast clouds,04n
2025-06-30 02:10:49,Kien Giang-Ha Tien,Ha Tien,26.34,26.34,26.34,83.0,26.34,10000.0,0.0,100.0,3.68,7.63,282.0,1006.0,0,804,Clouds,overcast clouds,04n
2025-06-30 02:12:51,Kien Giang-Ha Tien,Ha Tien,26.34,26.34,26.34,83.0,26.34,10000.0,0.0,100.0,3.68,7.63,282.0,1006.0,0,804,Clouds,overcast clouds,04n
2025-06-30 02:14:52,Kien Giang-Ha Tien,Ha Tien,26.34,26.34,26.34,83.0,26.34,10000.0,0.0,100.0,3.68,7.63,282.0,1006.0,0,804,Clouds,overcast clouds,04n
2025-06-30 02:16:53,Kien Giang-Ha Tien,Ha Tien,26.34,26.34,26.34,83.0,26.34,10000.0,0.0,100.0,3.68,7.63,282.0,1006.0,0,804,Clouds,overcast clouds,04n
2025-06-30 02:18:52,Kien Giang-Ha Tien,Ha Tien,26.34,26.34,26.34,83.0,26.34,10000.0,0.0,100.0,3.68,7.63,282.0,1006.0,0,804,Clouds,overcast clouds,04n
2025-06-30 02:20:52,Kien Giang-Ha Tien,Ha Tien,26.34,26.34,26.34,83.0,26.34,10000.0,0.0,100.0,3.68,7.63,282.0,1006.0,0,804,Clouds,overcast clouds,04n
2025-06-30 02:22:53,Kien Giang-Ha Tien,Ha Tien,26.34,26.34,26.34,83.0,26.34,10000.0,0.0,100.0,3.68,7.63,282.0,1006.0,0,804,Clouds,overcast clouds,04n
2025-06-30 02:24:54,Kien Giang-Ha Tien,Ha Tien,26.34,26.34,26.34,83.0,26.34,10000.0,0.0,100.0,3.68,7.63,282.0,1006.0,0,804,Clouds,overcast clouds,04n
2025-06-30 02:26:54,Kien Giang-Ha Tien,Ha Tien,26.34,26.34,26.34,83.0,26.34,10000.0,0.0,100.0,3.68,7.63,282.0,1006.0,0,804,Clouds,overcast clouds,04n
2025-06-30 02:28:53,Kien Giang-Ha Tien,Ha Tien,26.34,26.34,26.34,83.0,26.34,10000.0,0.0,100.0,3.68,7.63,282.0,1006.0,0,804,Clouds,overcast clouds,04n
2025-06-30 02:30:52,Kien Giang-Ha Tien,Ha Tien,26.34,26.34,26.34,83.0,26.34,10000.0,0.0,100.0,3.68,7.63,282.0,1006.0,0,804,Clouds,overcast clouds,04n
2025-06-30 02:32:54,Kien Giang-Ha Tien,Ha Tien,26.32,26.32,26.32,82.0,26.32,10000.0,0.0,100.0,4.14,8.11,282.0,1007.0,0,804,Clouds,overcast clouds,04n
2025-06-30 02:34:54,Kien Giang-Ha Tien,Ha Tien,26.32,26.32,26.32,82.0,26.32,10000.0,0.0,100.0,4.14,8.11,282.0,1007.0,0,804,Clouds,overcast clouds,04n
2025-06-30 02:36:55,Kien Giang-Ha Tien,Ha Tien,26.32,26.32,26.32,82.0,26.32,10000.0,0.0,100.0,4.14,8.11,282.0,1007.0,0,804,Clouds,overcast clouds,04n
2025-06-30 02:38:55,Kien Giang-Ha Tien,Ha Tien,26.32,26.32,26.32,82.0,26.32,10000.0,0.0,100.0,4.14,8.11,282.0,1007.0,0,804,Clouds,overcast clouds,04n
2025-06-30 02:40:55,Kien Giang-Ha Tien,Ha Tien,26.32,26.32,26.32,82.0,26.32,10000.0,0.0,100.0,4.14,8.11,282.0,1007.0,0,804,Clouds,overcast clouds,04n
2025-06-30 02:42:55,Kien Giang-Ha Tien,Ha Tien,26.32,26.32,26.32,82.0,26.32,10000.0,0.0,100.0,4.14,8.11,282.0,1007.0,0,804,Clouds,overcast clouds,04n
2025-06-30 02:44:54,Kien Giang-Ha Tien,Ha Tien,26.32,26.32,26.32,82.0,26.32,10000.0,0.0,100.0,4.14,8.11,282.0,1007.0,0,804,Clouds,overcast clouds,04n
2025-06-30 02:46:53,Kien Giang-Ha Tien,Ha Tien,26.32,26.32,26.32,82.0,26.32,10000.0,0.0,100.0,4.14,8.11,282.0,1007.0,0,804,Clouds,overcast clouds,04n
2025-06-30 02:48:53,Kien Giang-Ha Tien,Ha Tien,26.32,26.32,26.32,82.0,26.32,10000.0,0.0,100.0,4.14,8.11,282.0,1007.0,0,804,Clouds,overcast clouds,04n
2025-06-30 02:50:52,Kien Giang-Ha Tien,Ha Tien,26.32,26.32,26.32,82.0,26.32,10000.0,0.0,100.0,4.14,8.11,282.0,1007.0,0,804,Clouds,overcast clouds,04n
2025-06-30 02:52:55,Kien Giang-Ha Tien,Ha Tien,26.32,26.32,26.32,82.0,26.32,10000.0,0.0,100.0,4.14,8.11,282.0,1007.0,0,804,Clouds,overcast clouds,04n
2025-06-30 02:54:55,Kien Giang-Ha Tien,Ha Tien,26.32,26.32,26.32,82.0,26.32,10000.0,0.0,100.0,4.14,8.11,282.0,1007.0,0,804,Clouds,overcast clouds,04n
2025-06-30 02:56:55,Kien Giang-Ha Tien,Ha Tien,26.32,26.32,26.32,82.0,26.32,10000.0,0.0,100.0,4.14,8.11,282.0,1007.0,0,804,Clouds,overcast clouds,04n
2025-06-30 02:58:54,Kien Giang-Ha Tien,Ha Tien,26.32,26.32,26.32,82.0,26.32,10000.0,0.0,100.0,4.14,8.11,282.0,1007.0,0,804,Clouds,overcast clouds,04n
2025-06-30 03:00:55,Kien Giang-Ha Tien,Ha Tien,26.32,26.32,26.32,82.0,26.32,10000.0,0.0,100.0,4.14,8.11,282.0,1007.0,0,804,Clouds,overcast clouds,04n
2025-06-30 03:02:55,Kien Giang-Ha Tien,Ha Tien,26.31,26.31,26.31,83.0,26.31,10000.0,0.0,100.0,4.14,8.11,282.0,1007.0,0,804,Clouds,overcast clouds,04n
2025-06-30 03:04:56,Kien Giang-Ha Tien,Ha Tien,26.31,26.31,26.31,83.0,26.31,10000.0,0.0,100.0,4.14,8.11,282.0,1007.0,0,804,Clouds,overcast clouds,04n
2025-06-30 03:06:56,Kien Giang-Ha Tien,Ha Tien,26.31,26.31,26.31,83.0,26.31,10000.0,0.0,100.0,4.14,8.11,282.0,1007.0,0,804,Clouds,overcast clouds,04n
2025-06-30 03:08:58,Kien Giang-Ha Tien,Ha Tien,26.31,26.31,26.31,83.0,26.31,10000.0,0.0,100.0,4.14,8.11,282.0,1007.0,0,804,Clouds,overcast clouds,04n
2025-06-30 03:11:00,Kien Giang-Ha Tien,Ha Tien,26.31,26.31,26.31,83.0,26.31,10000.0,0.0,100.0,4.14,8.11,282.0,1007.0,0,804,Clouds,overcast clouds,04n
2025-06-30 03:13:03,Kien Giang-Ha Tien,Ha Tien,26.31,26.31,26.31,83.0,26.31,10000.0,0.0,100.0,4.14,8.11,282.0,1007.0,0,804,Clouds,overcast clouds,04n
2025-06-30 03:15:11,Kien Giang-Ha Tien,Ha Tien,26.31,26.31,26.31,83.0,26.31,10000.0,0.0,100.0,4.14,8.11,282.0,1007.0,0,804,Clouds,overcast clouds,04n
2025-06-30 03:17:14,Kien Giang-Ha Tien,Ha Tien,26.31,26.31,26.31,83.0,26.31,10000.0,0.0,100.0,4.14,8.11,282.0,1007.0,0,804,Clouds,overcast clouds,04n
2025-06-30 03:19:17,Kien Giang-Ha Tien,Ha Tien,26.31,26.31,26.31,83.0,26.31,10000.0,0.0,100.0,4.14,8.11,282.0,1007.0,0,804,Clouds,overcast clouds,04n
2025-06-30 03:21:22,Kien Giang-Ha Tien,Ha Tien,26.31,26.31,26.31,83.0,26.31,10000.0,0.0,100.0,4.14,8.11,282.0,1007.0,0,804,Clouds,overcast clouds,04n
2025-06-30 03:23:27,Kien Giang-Ha Tien,Ha Tien,26.31,26.31,26.31,83.0,26.31,10000.0,0.0,100.0,4.14,8.11,282.0,1007.0,0,804,Clouds,overcast clouds,04n
2025-06-30 03:25:32,Kien Giang-Ha Tien,Ha Tien,26.26,26.26,26.26,83.0,26.26,10000.0,0.0,100.0,4.14,8.11,282.0,1007.0,0,804,Clouds,overcast clouds,04n
2025-06-30 03:27:35,Kien Giang-Ha Tien,Ha Tien,26.26,26.26,26.26,83.0,26.26,10000.0,0.0,100.0,4.14,8.11,282.0,1007.0,0,804,Clouds,overcast clouds,04n
2025-06-30 03:29:37,Kien Giang-Ha Tien,Ha Tien,26.26,26.26,26.26,83.0,26.26,10000.0,0.0,100.0,4.14,8.11,282.0,1007.0,0,804,Clouds,overcast clouds,04n
2025-06-30 03:31:41,Kien Giang-Ha Tien,Ha Tien,26.26,26.26,26.26,83.0,26.26,10000.0,0.0,100.0,4.14,8.11,282.0,1007.0,0,804,Clouds,overcast clouds,04n
2025-06-30 03:33:43,Kien Giang-Ha Tien,Ha Tien,26.26,26.26,26.26,83.0,26.26,10000.0,0.0,100.0,4.14,8.11,282.0,1007.0,0,804,Clouds,overcast clouds,04n
2025-06-30 03:35:45,Kien Giang-Ha Tien,Ha Tien,26.26,26.26,26.26,83.0,26.26,10000.0,0.0,100.0,4.14,8.11,282.0,1007.0,0,804,Clouds,overcast clouds,04n
2025-06-30 03:37:47,Kien Giang-Ha Tien,Ha Tien,26.43,26.43,26.43,81.0,26.43,10000.0,0.0,100.0,4.46,8.66,281.0,1006.0,0,804,Clouds,overcast clouds,04n
2025-06-30 03:39:50,Kien Giang-Ha Tien,Ha Tien,26.43,26.43,26.43,81.0,26.43,10000.0,0.0,100.0,4.46,8.66,281.0,1006.0,0,804,Clouds,overcast clouds,04n
2025-06-30 03:41:52,Kien Giang-Ha Tien,Ha Tien,26.43,26.43,26.43,81.0,26.43,10000.0,0.0,100.0,4.46,8.66,281.0,1006.0,0,804,Clouds,overcast clouds,04n
2025-06-30 03:43:55,Kien Giang-Ha Tien,Ha Tien,26.43,26.43,26.43,81.0,26.43,10000.0,0.0,100.0,4.46,8.66,281.0,1006.0,0,804,Clouds,overcast clouds,04n
2025-06-30 03:45:58,Kien Giang-Ha Tien,Ha Tien,26.43,26.43,26.43,81.0,26.43,10000.0,0.0,100.0,4.46,8.66,281.0,1006.0,0,804,Clouds,overcast clouds,04n
2025-06-30 03:48:01,Kien Giang-Ha Tien,Ha Tien,26.43,26.43,26.43,81.0,26.43,10000.0,0.0,100.0,4.46,8.66,281.0,1006.0,0,804,Clouds,overcast clouds,04n
2025-06-30 03:50:03,Kien Giang-Ha Tien,Ha Tien,26.44,26.44,26.44,81.0,26.44,10000.0,0.0,100.0,4.46,8.66,281.0,1006.0,0,804,Clouds,overcast clouds,04n
2025-06-30 03:52:09,Kien Giang-Ha Tien,Ha Tien,26.44,26.44,26.44,81.0,26.44,10000.0,0.0,100.0,4.46,8.66,281.0,1006.0,0,804,Clouds,overcast clouds,04n
2025-06-30 03:54:12,Kien Giang-Ha Tien,Ha Tien,26.44,26.44,26.44,81.0,26.44,10000.0,0.0,100.0,4.46,8.66,281.0,1006.0,0,804,Clouds,overcast clouds,04n
2025-06-30 03:56:13,Kien Giang-Ha Tien,Ha Tien,26.44,26.44,26.44,81.0,26.44,10000.0,0.0,100.0,4.46,8.66,281.0,1006.0,0,804,Clouds,overcast clouds,04n
2025-06-30 03:58:16,Kien Giang-Ha Tien,Ha Tien,26.44,26.44,26.44,81.0,26.44,10000.0,0.0,100.0,4.46,8.66,281.0,1006.0,0,804,Clouds,overcast clouds,04n
2025-06-30 04:00:19,Kien Giang-Ha Tien,Ha Tien,26.44,26.44,26.44,81.0,26.44,10000.0,0.0,100.0,4.46,8.66,281.0,1006.0,0,804,Clouds,overcast clouds,04n
2025-06-30 04:02:22,Kien Giang-Ha Tien,Ha Tien,26.41,26.41,26.41,82.0,26.41,10000.0,0.0,100.0,4.46,8.66,281.0,1006.0,0,804,Clouds,overcast clouds,04n
2025-06-30 04:04:24,Kien Giang-Ha Tien,Ha Tien,26.41,26.41,26.41,82.0,26.41,10000.0,0.0,100.0,4.46,8.66,281.0,1006.0,0,804,Clouds,overcast clouds,04n
2025-06-30 04:06:28,Kien Giang-Ha Tien,Ha Tien,26.41,26.41,26.41,82.0,26.41,10000.0,0.0,100.0,4.46,8.66,281.0,1006.0,0,804,Clouds,overcast clouds,04n
2025-06-30 04:08:32,Kien Giang-Ha Tien,Ha Tien,26.41,26.41,26.41,82.0,26.41,10000.0,0.0,100.0,4.46,8.66,281.0,1006.0,0,804,Clouds,overcast clouds,04n
2025-06-30 04:10:35,Kien Giang-Ha Tien,Ha Tien,26.41,26.41,26.41,82.0,26.41,10000.0,0.0,100.0,4.46,8.66,281.0,1006.0,0,804,Clouds,overcast clouds,04n
2025-06-30 04:12:37,Kien Giang-Ha Tien,Ha Tien,26.41,26.41,26.41,82.0,26.41,10000.0,0.0,100.0,4.46,8.66,281.0,1006.0,0,804,Clouds,overcast clouds,04n
2025-06-30 04:14:39,Kien Giang-Ha Tien,Ha Tien,26.41,26.41,26.41,82.0,26.41,10000.0,0.0,100.0,4.46,8.66,281.0,1006.0,0,804,Clouds,overcast clouds,04n
2025-06-30 04:16:40,Kien Giang-Ha Tien,Ha Tien,26.41,26.41,26.41,82.0,26.41,10000.0,0.0,100.0,4.46,8.66,281.0,1006.0,0,804,Clouds,overcast clouds,04n
2025-06-30 04:18:43,Kien Giang-Ha Tien,Ha Tien,26.41,26.41,26.41,82.0,26.41,10000.0,0.0,100.0,4.46,8.66,281.0,1006.0,0,804,Clouds,overcast clouds,04n
2025-06-30 04:20:46,Kien Giang-Ha Tien,Ha Tien,26.41,26.41,26.41,82.0,26.41,10000.0,0.0,100.0,4.46,8.66,281.0,1006.0,0,804,Clouds,overcast clouds,04n
2025-06-30 04:22:49,Kien Giang-Ha Tien,Ha Tien,26.38,26.38,26.38,82.0,26.38,10000.0,0.0,100.0,4.46,8.66,281.0,1006.0,0,804,Clouds,overcast clouds,04n
2025-06-30 04:24:53,Kien Giang-Ha Tien,Ha Tien,26.38,26.38,26.38,82.0,26.38,10000.0,0.0,100.0,4.46,8.66,281.0,1006.0,0,804,Clouds,overcast clouds,04n
2025-06-30 04:26:54,Kien Giang-Ha Tien,Ha Tien,26.38,26.38,26.38,82.0,26.38,10000.0,0.0,100.0,4.46,8.66,281.0,1006.0,0,804,Clouds,overcast clouds,04n
2025-06-30 04:28:54,Kien Giang-Ha Tien,Ha Tien,26.38,26.38,26.38,82.0,26.38,10000.0,0.0,100.0,4.46,8.66,281.0,1006.0,0,804,Clouds,overcast clouds,04n
2025-06-30 04:30:55,Kien Giang-Ha Tien,Ha Tien,26.38,26.38,26.38,82.0,26.38,10000.0,0.0,100.0,4.46,8.66,281.0,1006.0,0,804,Clouds,overcast clouds,04n
2025-06-30 04:32:58,Kien Giang-Ha Tien,Ha Tien,26.13,26.13,26.13,82.0,26.13,10000.0,0.0,100.0,4.37,8.82,282.0,1006.0,0,804,Clouds,overcast clouds,04n
2025-06-30 04:34:58,Kien Giang-Ha Tien,Ha Tien,26.13,26.13,26.13,82.0,26.13,10000.0,0.0,100.0,4.37,8.82,282.0,1006.0,0,804,Clouds,overcast clouds,04n
2025-06-30 04:37:00,Kien Giang-Ha Tien,Ha Tien,26.13,26.13,26.13,82.0,26.13,10000.0,0.0,100.0,4.37,8.82,282.0,1006.0,0,804,Clouds,overcast clouds,04n
2025-06-30 04:39:01,Kien Giang-Ha Tien,Ha Tien,26.13,26.13,26.13,82.0,26.13,10000.0,0.0,100.0,4.37,8.82,282.0,1006.0,0,804,Clouds,overcast clouds,04n
2025-06-30 04:41:07,Kien Giang-Ha Tien,Ha Tien,26.13,26.13,26.13,82.0,26.13,10000.0,0.0,100.0,4.37,8.82,282.0,1006.0,0,804,Clouds,overcast clouds,04n
2025-06-30 04:43:10,Kien Giang-Ha Tien,Ha Tien,26.13,26.13,26.13,82.0,26.13,10000.0,0.0,100.0,4.37,8.82,282.0,1006.0,0,804,Clouds,overcast clouds,04n
2025-06-30 04:45:15,Kien Giang-Ha Tien,Ha Tien,26.13,26.13,26.13,82.0,26.13,10000.0,0.0,100.0,4.37,8.82,282.0,1006.0,0,804,Clouds,overcast clouds,04n
2025-06-30 04:47:15,Kien Giang-Ha Tien,Ha Tien,26.13,26.13,26.13,82.0,26.13,10000.0,0.0,100.0,4.37,8.82,282.0,1006.0,0,804,Clouds,overcast clouds,04n
2025-06-30 04:49:17,Kien Giang-Ha Tien,Ha Tien,26.13,26.13,26.13,82.0,26.13,10000.0,0.0,100.0,4.37,8.82,282.0,1006.0,0,804,Clouds,overcast clouds,04n
2025-06-30 04:51:20,Kien Giang-Ha Tien,Ha Tien,26.13,26.13,26.13,82.0,26.13,10000.0,0.0,100.0,4.37,8.82,282.0,1006.0,0,804,Clouds,overcast clouds,04n
2025-06-30 04:53:21,Kien Giang-Ha Tien,Ha Tien,26.13,26.13,26.13,82.0,26.13,10000.0,0.0,100.0,4.37,8.82,282.0,1006.0,0,804,Clouds,overcast clouds,04n
2025-06-30 04:55:23,Kien Giang-Ha Tien,Ha Tien,26.13,26.13,26.13,82.0,26.13,10000.0,0.0,100.0,4.37,8.82,282.0,1006.0,0,804,Clouds,overcast clouds,04n
2025-06-30 04:57:24,Kien Giang-Ha Tien,Ha Tien,26.13,26.13,26.13,82.0,26.13,10000.0,0.0,100.0,4.37,8.82,282.0,1006.0,0,804,Clouds,overcast clouds,04n
2025-06-30 04:59:28,Kien Giang-Ha Tien,Ha Tien,26.13,26.13,26.13,82.0,26.13,10000.0,0.0,100.0,4.37,8.82,282.0,1006.0,0,804,Clouds,overcast clouds,04n
2025-06-30 05:01:35,Kien Giang-Ha Tien,Ha Tien,26.11,26.11,26.11,83.0,26.11,10000.0,0.0,100.0,4.37,8.82,282.0,1006.0,0,804,Clouds,overcast clouds,04n
2025-06-30 05:03:36,Kien Giang-Ha Tien,Ha Tien,26.11,26.11,26.11,83.0,26.11,10000.0,0.0,100.0,4.37,8.82,282.0,1006.0,0,804,Clouds,overcast clouds,04n
2025-06-30 05:05:39,Kien Giang-Ha Tien,Ha Tien,26.11,26.11,26.11,83.0,26.11,10000.0,0.0,100.0,4.37,8.82,282.0,1006.0,0,804,Clouds,overcast clouds,04n
2025-06-30 05:07:41,Kien Giang-Ha Tien,Ha Tien,26.11,26.11,26.11,83.0,26.11,10000.0,0.0,100.0,4.37,8.82,282.0,1006.0,0,804,Clouds,overcast clouds,04n
2025-06-30 05:09:43,Kien Giang-Ha Tien,Ha Tien,26.11,26.11,26.11,83.0,26.11,10000.0,0.0,100.0,4.37,8.82,282.0,1006.0,0,804,Clouds,overcast clouds,04n
2025-06-30 05:11:48,Kien Giang-Ha Tien,Ha Tien,26.11,26.11,26.11,83.0,26.11,10000.0,0.0,100.0,4.37,8.82,282.0,1006.0,0,804,Clouds,overcast clouds,04n
2025-06-30 05:13:53,Kien Giang-Ha Tien,Ha Tien,26.11,26.11,26.11,83.0,26.11,10000.0,0.0,100.0,4.37,8.82,282.0,1006.0,0,804,Clouds,overcast clouds,04n
2025-06-30 05:15:56,Kien Giang-Ha Tien,Ha Tien,26.11,26.11,26.11,83.0,26.11,10000.0,0.0,100.0,4.37,8.82,282.0,1006.0,0,804,Clouds,overcast clouds,04n
2025-06-30 05:18:00,Kien Giang-Ha Tien,Ha Tien,26.11,26.11,26.11,83.0,26.11,10000.0,0.0,100.0,4.37,8.82,282.0,1006.0,0,804,Clouds,overcast clouds,04n
2025-06-30 05:20:04,Kien Giang-Ha Tien,Ha Tien,26.11,26.11,26.11,83.0,26.11,10000.0,0.0,100.0,4.37,8.82,282.0,1006.0,0,804,Clouds,overcast clouds,04n
2025-06-30 05:22:07,Kien Giang-Ha Tien,Ha Tien,26.11,26.11,26.11,83.0,26.11,10000.0,0.0,100.0,4.37,8.82,282.0,1006.0,0,804,Clouds,overcast clouds,04n
2025-06-30 05:24:11,Kien Giang-Ha Tien,Ha Tien,26.11,26.11,26.11,83.0,26.11,10000.0,0.0,100.0,4.37,8.82,282.0,1006.0,0,804,Clouds,overcast clouds,04n
2025-06-30 05:26:13,Kien Giang-Ha Tien,Ha Tien,26.11,26.11,26.11,83.0,26.11,10000.0,0.0,100.0,4.37,8.82,282.0,1006.0,0,804,Clouds,overcast clouds,04n
2025-06-30 05:28:17,Kien Giang-Ha Tien,Ha Tien,26.11,26.11,26.11,83.0,26.11,10000.0,0.0,100.0,4.37,8.82,282.0,1006.0,0,804,Clouds,overcast clouds,04n
2025-06-30 05:30:20,Kien Giang-Ha Tien,Ha Tien,26.11,26.11,26.11,83.0,26.11,10000.0,0.0,100.0,4.37,8.82,282.0,1006.0,0,804,Clouds,overcast clouds,04n
2025-06-30 05:32:23,Kien Giang-Ha Tien,Ha Tien,25.94,25.94,25.94,84.0,26.78,10000.0,0.0,100.0,4.0,8.36,287.0,1006.0,0,804,Clouds,overcast clouds,04n
2025-06-30 05:34:26,Kien Giang-Ha Tien,Ha Tien,25.94,25.94,25.94,84.0,26.78,10000.0,0.0,100.0,4.0,8.36,287.0,1006.0,0,804,Clouds,overcast clouds,04n
2025-06-30 05:36:27,Kien Giang-Ha Tien,Ha Tien,25.94,25.94,25.94,84.0,26.78,10000.0,0.0,100.0,4.0,8.36,287.0,1006.0,0,804,Clouds,overcast clouds,04n
2025-06-30 05:38:29,Kien Giang-Ha Tien,Ha Tien,25.94,25.94,25.94,84.0,26.78,10000.0,0.0,100.0,4.0,8.36,287.0,1006.0,0,804,Clouds,overcast clouds,04n
2025-06-30 05:40:30,Kien Giang-Ha Tien,Ha Tien,25.94,25.94,25.94,84.0,26.78,10000.0,0.0,100.0,4.0,8.36,287.0,1006.0,0,804,Clouds,overcast clouds,04n
2025-06-30 05:42:30,Kien Giang-Ha Tien,Ha Tien,25.94,25.94,25.94,84.0,26.78,10000.0,0.0,100.0,4.0,8.36,287.0,1006.0,0,804,Clouds,overcast clouds,04n
2025-06-30 05:44:30,Kien Giang-Ha Tien,Ha Tien,25.94,25.94,25.94,84.0,26.78,10000.0,0.0,100.0,4.0,8.36,287.0,1006.0,1,804,Clouds,overcast clouds,04d
2025-06-30 05:46:32,Kien Giang-Ha Tien,Ha Tien,25.94,25.94,25.94,84.0,26.78,10000.0,0.0,100.0,4.0,8.36,287.0,1006.0,1,804,Clouds,overcast clouds,04n
2025-06-30 05:48:33,Kien Giang-Ha Tien,Ha Tien,25.94,25.94,25.94,84.0,26.78,10000.0,0.0,100.0,4.0,8.36,287.0,1006.0,1,804,Clouds,overcast clouds,04n
2025-06-30 05:50:34,Kien Giang-Ha Tien,Ha Tien,25.95,25.95,25.95,84.0,25.95,10000.0,0.0,100.0,4.0,8.36,287.0,1006.0,1,804,Clouds,overcast clouds,04d
2025-06-30 05:52:34,Kien Giang-Ha Tien,Ha Tien,25.95,25.95,25.95,84.0,25.95,10000.0,0.0,100.0,4.0,8.36,287.0,1006.0,1,804,Clouds,overcast clouds,04d
2025-06-30 05:54:36,Kien Giang-Ha Tien,Ha Tien,25.95,25.95,25.95,84.0,25.95,10000.0,0.0,100.0,4.0,8.36,287.0,1006.0,1,804,Clouds,overcast clouds,04d
2025-06-30 05:56:37,Kien Giang-Ha Tien,Ha Tien,25.95,25.95,25.95,84.0,25.95,10000.0,0.0,100.0,4.0,8.36,287.0,1006.0,1,804,Clouds,overcast clouds,04d
2025-06-30 05:58:39,Kien Giang-Ha Tien,Ha Tien,25.95,25.95,25.95,84.0,25.95,10000.0,0.0,100.0,4.0,8.36,287.0,1006.0,1,804,Clouds,overcast clouds,04d
2025-06-30 06:00:41,Kien Giang-Ha Tien,Ha Tien,25.95,25.95,25.95,84.0,25.95,10000.0,0.0,100.0,4.0,8.36,287.0,1006.0,1,804,Clouds,overcast clouds,04d
2025-06-30 06:02:41,Kien Giang-Ha Tien,Ha Tien,25.95,25.95,25.95,84.0,25.95,10000.0,0.0,100.0,4.0,8.36,287.0,1006.0,1,804,Clouds,overcast clouds,04d
2025-06-30 06:04:42,Kien Giang-Ha Tien,Ha Tien,25.95,25.95,25.95,84.0,25.95,10000.0,0.0,100.0,4.0,8.36,287.0,1006.0,1,804,Clouds,overcast clouds,04d
2025-06-30 06:06:43,Kien Giang-Ha Tien,Ha Tien,25.95,25.95,25.95,84.0,25.95,10000.0,0.0,100.0,4.0,8.36,287.0,1006.0,1,804,Clouds,overcast clouds,04d
2025-06-30 06:08:45,Kien Giang-Ha Tien,Ha Tien,25.93,25.93,25.93,85.0,26.8,10000.0,0.0,100.0,4.0,8.36,287.0,1006.0,1,804,Clouds,overcast clouds,04d
2025-06-30 06:10:47,Kien Giang-Ha Tien,Ha Tien,25.93,25.93,25.93,85.0,26.8,10000.0,0.0,100.0,4.0,8.36,287.0,1006.0,1,804,Clouds,overcast clouds,04d
2025-06-30 06:12:49,Kien Giang-Ha Tien,Ha Tien,25.93,25.93,25.93,85.0,26.8,10000.0,0.0,100.0,4.0,8.36,287.0,1006.0,1,804,Clouds,overcast clouds,04d
2025-06-30 06:14:49,Kien Giang-Ha Tien,Ha Tien,25.93,25.93,25.93,85.0,26.8,10000.0,0.0,100.0,4.0,8.36,287.0,1006.0,1,804,Clouds,overcast clouds,04d
2025-06-30 06:16:50,Kien Giang-Ha Tien,Ha Tien,25.93,25.93,25.93,85.0,26.8,10000.0,0.0,100.0,4.0,8.36,287.0,1006.0,1,804,Clouds,overcast clouds,04d
2025-06-30 06:18:50,Kien Giang-Ha Tien,Ha Tien,25.94,25.94,25.94,85.0,26.81,10000.0,0.0,100.0,4.0,8.36,287.0,1006.0,1,804,Clouds,overcast clouds,04d
2025-06-30 06:20:50,Kien Giang-Ha Tien,Ha Tien,25.93,25.93,25.93,85.0,26.8,10000.0,0.0,100.0,4.0,8.36,287.0,1006.0,1,804,Clouds,overcast clouds,04d
2025-06-30 06:22:50,Kien Giang-Ha Tien,Ha Tien,25.94,25.94,25.94,85.0,26.81,10000.0,0.0,100.0,4.0,8.36,287.0,1006.0,1,804,Clouds,overcast clouds,04d
2025-06-30 06:24:52,Kien Giang-Ha Tien,Ha Tien,25.94,25.94,25.94,85.0,26.81,10000.0,0.0,100.0,4.0,8.36,287.0,1006.0,1,804,Clouds,overcast clouds,04d
2025-06-30 06:26:52,Kien Giang-Ha Tien,Ha Tien,25.94,25.94,25.94,85.0,26.81,10000.0,0.0,100.0,4.0,8.36,287.0,1006.0,1,804,Clouds,overcast clouds,04d
2025-06-30 06:28:52,Kien Giang-Ha Tien,Ha Tien,25.94,25.94,25.94,85.0,26.81,10000.0,0.0,100.0,4.0,8.36,287.0,1006.0,1,804,Clouds,overcast clouds,04d
2025-06-30 06:30:52,Kien Giang-Ha Tien,Ha Tien,25.94,25.94,25.94,85.0,26.81,10000.0,0.0,100.0,4.0,8.36,287.0,1006.0,1,804,Clouds,overcast clouds,04d
2025-06-30 06:32:52,Kien Giang-Ha Tien,Ha Tien,25.94,25.94,25.94,85.0,26.81,10000.0,0.0,100.0,4.0,8.36,287.0,1006.0,1,804,Clouds,overcast clouds,04d
2025-06-30 06:34:51,Kien Giang-Ha Tien,Ha Tien,25.94,25.94,25.94,85.0,26.81,10000.0,0.0,100.0,4.0,8.36,287.0,1006.0,1,804,Clouds,overcast clouds,04d
2025-06-30 06:36:50,Kien Giang-Ha Tien,Ha Tien,25.94,25.94,25.94,85.0,26.81,10000.0,0.0,100.0,4.0,8.36,287.0,1006.0,1,804,Clouds,overcast clouds,04d
2025-06-30 06:38:49,Kien Giang-Ha Tien,Ha Tien,26.49,26.49,26.49,83.0,26.49,10000.0,0.0,100.0,3.61,7.47,292.0,1007.0,1,804,Clouds,overcast clouds,04d
2025-06-30 06:40:48,Kien Giang-Ha Tien,Ha Tien,26.49,26.49,26.49,83.0,26.49,10000.0,0.0,100.0,3.61,7.47,292.0,1007.0,1,804,Clouds,overcast clouds,04d
2025-06-30 06:42:49,Kien Giang-Ha Tien,Ha Tien,26.49,26.49,26.49,83.0,26.49,10000.0,0.0,100.0,3.61,7.47,292.0,1007.0,1,804,Clouds,overcast clouds,04d
2025-06-30 06:44:49,Kien Giang-Ha Tien,Ha Tien,26.49,26.49,26.49,83.0,26.49,10000.0,0.0,100.0,3.61,7.47,292.0,1007.0,1,804,Clouds,overcast clouds,04d
2025-06-30 06:46:48,Kien Giang-Ha Tien,Ha Tien,26.49,26.49,26.49,83.0,26.49,10000.0,0.0,100.0,3.61,7.47,292.0,1007.0,1,804,Clouds,overcast clouds,04d
2025-06-30 06:48:47,Kien Giang-Ha Tien,Ha Tien,26.49,26.49,26.49,83.0,26.49,10000.0,0.0,100.0,3.61,7.47,292.0,1007.0,1,804,Clouds,overcast clouds,04d
2025-06-30 06:50:46,Kien Giang-Ha Tien,Ha Tien,26.49,26.49,26.49,83.0,26.49,10000.0,0.0,100.0,3.61,7.47,292.0,1007.0,1,804,Clouds,overcast clouds,04d
2025-06-30 06:52:45,Kien Giang-Ha Tien,Ha Tien,26.58,26.58,26.58,83.0,26.58,10000.0,0.0,100.0,4.18,9.18,284.0,1007.0,1,804,Clouds,overcast clouds,04d
2025-06-30 06:54:45,Kien Giang-Ha Tien,Ha Tien,26.58,26.58,26.58,83.0,26.58,10000.0,0.0,100.0,4.18,9.18,284.0,1007.0,1,804,Clouds,overcast clouds,04d
2025-06-30 06:56:44,Kien Giang-Ha Tien,Ha Tien,26.58,26.58,26.58,83.0,26.58,10000.0,0.0,100.0,4.18,9.18,284.0,1007.0,1,804,Clouds,overcast clouds,04d
2025-06-30 06:58:43,Kien Giang-Ha Tien,Ha Tien,26.58,26.58,26.58,83.0,26.58,10000.0,0.0,100.0,4.18,9.18,284.0,1007.0,1,804,Clouds,overcast clouds,04d
2025-06-30 07:00:45,Kien Giang-Ha Tien,Ha Tien,26.58,26.58,26.58,83.0,26.58,10000.0,0.0,100.0,4.18,9.18,284.0,1007.0,1,804,Clouds,overcast clouds,04d
2025-06-30 07:02:45,Kien Giang-Ha Tien,Ha Tien,26.58,26.58,26.58,83.0,26.58,10000.0,0.0,100.0,4.18,9.18,284.0,1007.0,1,804,Clouds,overcast clouds,04d
2025-06-30 07:04:45,Kien Giang-Ha Tien,Ha Tien,26.58,26.58,26.58,83.0,26.58,10000.0,0.0,100.0,4.18,9.18,284.0,1007.0,1,804,Clouds,overcast clouds,04d
2025-06-30 07:06:45,Kien Giang-Ha Tien,Ha Tien,26.58,26.58,26.58,83.0,26.58,10000.0,0.0,100.0,4.18,9.18,284.0,1007.0,1,804,Clouds,overcast clouds,04d
2025-06-30 07:08:45,Kien Giang-Ha Tien,Ha Tien,26.58,26.58,26.58,83.0,26.58,10000.0,0.0,100.0,4.18,9.18,284.0,1007.0,1,804,Clouds,overcast clouds,04d
2025-06-30 07:10:46,Kien Giang-Ha Tien,Ha Tien,26.58,26.58,26.58,83.0,26.58,10000.0,0.0,100.0,4.18,9.18,284.0,1007.0,1,804,Clouds,overcast clouds,04d
2025-06-30 07:14:43,Kien Giang-Ha Tien,Ha Tien,26.58,26.58,26.58,83.0,26.58,10000.0,0.0,100.0,4.18,9.18,284.0,1007.0,1,804,Clouds,overcast clouds,04d
2025-06-30 07:16:44,Kien Giang-Ha Tien,Ha Tien,26.58,26.58,26.58,83.0,26.58,10000.0,0.0,100.0,4.18,9.18,284.0,1007.0,1,804,Clouds,overcast clouds,04d
2025-06-30 07:18:47,Kien Giang-Ha Tien,Ha Tien,26.58,26.58,26.58,83.0,26.58,10000.0,0.0,100.0,4.18,9.18,284.0,1007.0,1,804,Clouds,overcast clouds,04d
2025-06-30 07:20:49,Kien Giang-Ha Tien,Ha Tien,26.58,26.58,26.58,83.0,26.58,10000.0,0.0,100.0,4.18,9.18,284.0,1007.0,1,804,Clouds,overcast clouds,04d
2025-06-30 07:22:55,Kien Giang-Ha Tien,Ha Tien,26.58,26.58,26.58,83.0,26.58,10000.0,0.0,100.0,4.18,9.18,284.0,1007.0,1,804,Clouds,overcast clouds,04d
2025-06-30 07:24:57,Kien Giang-Ha Tien,Ha Tien,26.58,26.58,26.58,83.0,26.58,10000.0,0.0,100.0,4.18,9.18,284.0,1007.0,1,804,Clouds,overcast clouds,04d
2025-06-30 07:27:00,Kien Giang-Ha Tien,Ha Tien,26.58,26.58,26.58,83.0,26.58,10000.0,0.0,100.0,4.18,9.18,284.0,1007.0,1,804,Clouds,overcast clouds,04d
2025-06-30 07:29:02,Kien Giang-Ha Tien,Ha Tien,26.58,26.58,26.58,83.0,26.58,10000.0,0.0,100.0,4.18,9.18,284.0,1007.0,1,804,Clouds,overcast clouds,04d
2025-06-30 07:31:06,Kien Giang-Ha Tien,Ha Tien,28.53,28.53,28.53,76.0,32.74,10000.0,0.0,100.0,5.66,9.95,285.0,1007.0,1,804,Clouds,overcast clouds,04d
2025-06-30 07:33:08,Kien Giang-Ha Tien,Ha Tien,28.53,28.53,28.53,76.0,32.74,10000.0,0.0,100.0,5.66,9.95,285.0,1007.0,1,804,Clouds,overcast clouds,04d
2025-06-30 07:35:11,Kien Giang-Ha Tien,Ha Tien,28.6,28.6,28.6,76.0,32.91,10000.0,0.0,100.0,5.66,9.95,285.0,1007.0,1,804,Clouds,overcast clouds,04d
2025-06-30 07:37:13,Kien Giang-Ha Tien,Ha Tien,28.6,28.6,28.6,76.0,32.91,10000.0,0.0,100.0,5.66,9.95,285.0,1007.0,1,804,Clouds,overcast clouds,04d
2025-06-30 07:39:14,Kien Giang-Ha Tien,Ha Tien,28.6,28.6,28.6,76.0,32.91,10000.0,0.0,100.0,5.66,9.95,285.0,1007.0,1,804,Clouds,overcast clouds,04d
2025-06-30 07:41:16,Kien Giang-Ha Tien,Ha Tien,28.6,28.6,28.6,76.0,32.91,10000.0,0.0,100.0,5.66,9.95,285.0,1007.0,1,804,Clouds,overcast clouds,04d
2025-06-30 07:43:17,Kien Giang-Ha Tien,Ha Tien,28.6,28.6,28.6,76.0,32.91,10000.0,0.0,100.0,5.66,9.95,285.0,1007.0,1,804,Clouds,overcast clouds,04d
2025-06-30 07:45:18,Kien Giang-Ha Tien,Ha Tien,28.6,28.6,28.6,76.0,32.91,10000.0,0.0,100.0,5.66,9.95,285.0,1007.0,1,804,Clouds,overcast clouds,04d
2025-06-30 07:47:19,Kien Giang-Ha Tien,Ha Tien,28.83,28.83,28.83,75.0,33.28,10000.0,0.0,100.0,5.66,9.95,285.0,1007.0,1,804,Clouds,overcast clouds,04d
2025-06-30 07:49:21,Kien Giang-Ha Tien,Ha Tien,28.83,28.83,28.83,75.0,33.28,10000.0,0.0,100.0,5.66,9.95,285.0,1007.0,1,804,Clouds,overcast clouds,04d
2025-06-30 07:51:23,Kien Giang-Ha Tien,Ha Tien,28.6,28.6,28.6,76.0,32.91,10000.0,0.0,100.0,5.66,9.95,285.0,1007.0,1,804,Clouds,overcast clouds,04d
2025-06-30 07:53:24,Kien Giang-Ha Tien,Ha Tien,28.83,28.83,28.83,75.0,33.28,10000.0,0.0,100.0,5.66,9.95,285.0,1007.0,1,804,Clouds,overcast clouds,04d
2025-06-30 07:55:25,Kien Giang-Ha Tien,Ha Tien,28.83,28.83,28.83,75.0,33.28,10000.0,0.0,100.0,5.66,9.95,285.0,1007.0,1,804,Clouds,overcast clouds,04d
2025-06-30 07:57:27,Kien Giang-Ha Tien,Ha Tien,28.83,28.83,28.83,75.0,33.28,10000.0,0.0,100.0,5.66,9.95,285.0,1007.0,1,804,Clouds,overcast clouds,04d
2025-06-30 07:59:28,Kien Giang-Ha Tien,Ha Tien,28.83,28.83,28.83,75.0,33.28,10000.0,0.0,100.0,5.66,9.95,285.0,1007.0,1,804,Clouds,overcast clouds,04d
2025-06-30 08:01:29,Kien Giang-Ha Tien,Ha Tien,28.8,28.8,28.8,76.0,33.4,10000.0,0.0,100.0,5.66,9.95,285.0,1007.0,1,804,Clouds,overcast clouds,04d
2025-06-30 08:03:30,Kien Giang-Ha Tien,Ha Tien,28.8,28.8,28.8,76.0,33.4,10000.0,0.0,100.0,5.66,9.95,285.0,1007.0,1,804,Clouds,overcast clouds,04d
2025-06-30 08:05:30,Kien Giang-Ha Tien,Ha Tien,28.8,28.8,28.8,76.0,33.4,10000.0,0.0,100.0,5.66,9.95,285.0,1007.0,1,804,Clouds,overcast clouds,04d
2025-06-30 08:07:33,Kien Giang-Ha Tien,Ha Tien,28.8,28.8,28.8,76.0,33.4,10000.0,0.0,100.0,5.66,9.95,285.0,1007.0,1,804,Clouds,overcast clouds,04d
2025-06-30 08:09:34,Kien Giang-Ha Tien,Ha Tien,28.8,28.8,28.8,76.0,33.4,10000.0,0.0,100.0,5.66,9.95,285.0,1007.0,1,804,Clouds,overcast clouds,04d
2025-06-30 08:11:35,Kien Giang-Ha Tien,Ha Tien,28.8,28.8,28.8,76.0,33.4,10000.0,0.0,100.0,5.66,9.95,285.0,1007.0,1,804,Clouds,overcast clouds,04d
2025-06-30 08:13:35,Kien Giang-Ha Tien,Ha Tien,28.8,28.8,28.8,76.0,33.4,10000.0,0.0,100.0,5.66,9.95,285.0,1007.0,1,804,Clouds,overcast clouds,04d
2025-06-30 08:15:36,Kien Giang-Ha Tien,Ha Tien,28.8,28.8,28.8,76.0,33.4,10000.0,0.0,100.0,5.66,9.95,285.0,1007.0,1,804,Clouds,overcast clouds,04d
2025-06-30 08:17:36,Kien Giang-Ha Tien,Ha Tien,28.8,28.8,28.8,76.0,33.4,10000.0,0.0,100.0,5.66,9.95,285.0,1007.0,1,804,Clouds,overcast clouds,04d
2025-06-30 08:19:38,Kien Giang-Ha Tien,Ha Tien,28.8,28.8,28.8,76.0,33.4,10000.0,0.0,100.0,5.66,9.95,285.0,1007.0,1,804,Clouds,overcast clouds,04d
2025-06-30 08:21:39,Kien Giang-Ha Tien,Ha Tien,28.8,28.8,28.8,76.0,33.4,10000.0,0.0,100.0,5.66,9.95,285.0,1007.0,1,804,Clouds,overcast clouds,04d
2025-06-30 08:23:39,Kien Giang-Ha Tien,Ha Tien,28.8,28.8,28.8,76.0,33.4,10000.0,0.0,100.0,5.66,9.95,285.0,1007.0,1,804,Clouds,overcast clouds,04d
2025-06-30 08:25:39,Kien Giang-Ha Tien,Ha Tien,28.81,28.81,28.81,76.0,33.42,10000.0,0.0,100.0,5.66,9.95,285.0,1007.0,1,804,Clouds,overcast clouds,04d
2025-06-30 08:27:38,Kien Giang-Ha Tien,Ha Tien,28.81,28.81,28.81,76.0,33.42,10000.0,0.0,100.0,5.66,9.95,285.0,1007.0,1,804,Clouds,overcast clouds,04d
2025-06-30 08:29:39,Kien Giang-Ha Tien,Ha Tien,28.81,28.81,28.81,76.0,33.42,10000.0,0.0,100.0,5.66,9.95,285.0,1007.0,1,804,Clouds,overcast clouds,04d
2025-06-30 08:31:38,Kien Giang-Ha Tien,Ha Tien,28.81,28.81,28.81,76.0,33.42,10000.0,0.0,100.0,5.66,9.95,285.0,1007.0,1,804,Clouds,overcast clouds,04d
2025-06-30 08:33:38,Kien Giang-Ha Tien,Ha Tien,28.81,28.81,28.81,76.0,33.42,10000.0,0.0,100.0,5.66,9.95,285.0,1007.0,1,804,Clouds,overcast clouds,04d
2025-06-30 08:35:39,Kien Giang-Ha Tien,Ha Tien,28.81,28.81,28.81,76.0,33.42,10000.0,0.0,100.0,5.66,9.95,285.0,1007.0,1,804,Clouds,overcast clouds,04d
2025-06-30 08:37:38,Kien Giang-Ha Tien,Ha Tien,29.66,29.66,29.66,70.0,34.22,10000.0,0.0,100.0,6.04,9.67,286.0,1008.0,1,804,Clouds,overcast clouds,04d
2025-06-30 08:39:38,Kien Giang-Ha Tien,Ha Tien,29.66,29.66,29.66,70.0,34.22,10000.0,0.0,100.0,6.04,9.67,286.0,1008.0,1,804,Clouds,overcast clouds,04d
2025-06-30 08:41:37,Kien Giang-Ha Tien,Ha Tien,29.66,29.66,29.66,70.0,34.22,10000.0,0.0,100.0,6.04,9.67,286.0,1008.0,1,804,Clouds,overcast clouds,04d
2025-06-30 08:43:37,Kien Giang-Ha Tien,Ha Tien,29.66,29.66,29.66,70.0,34.22,10000.0,0.0,100.0,6.04,9.67,286.0,1008.0,1,804,Clouds,overcast clouds,04d
2025-06-30 08:45:36,Kien Giang-Ha Tien,Ha Tien,29.66,29.66,29.66,70.0,34.22,10000.0,0.0,100.0,6.04,9.67,286.0,1008.0,1,804,Clouds,overcast clouds,04d
2025-06-30 08:47:35,Kien Giang-Ha Tien,Ha Tien,29.66,29.66,29.66,70.0,34.22,10000.0,0.0,100.0,6.04,9.67,286.0,1008.0,1,804,Clouds,overcast clouds,04d
2025-06-30 08:49:34,Kien Giang-Ha Tien,Ha Tien,29.66,29.66,29.66,70.0,34.22,10000.0,0.0,100.0,6.04,9.67,286.0,1008.0,1,804,Clouds,overcast clouds,04d
2025-06-30 08:51:34,Kien Giang-Ha Tien,Ha Tien,29.66,29.66,29.66,70.0,34.22,10000.0,0.0,100.0,6.04,9.67,286.0,1008.0,1,804,Clouds,overcast clouds,04d
2025-06-30 08:53:33,Kien Giang-Ha Tien,Ha Tien,29.77,29.77,29.77,70.0,34.48,10000.0,0.0,100.0,6.04,9.67,286.0,1008.0,1,804,Clouds,overcast clouds,04d
2025-06-30 08:55:33,Kien Giang-Ha Tien,Ha Tien,29.77,29.77,29.77,70.0,34.48,10000.0,0.0,100.0,6.04,9.67,286.0,1008.0,1,804,Clouds,overcast clouds,04d
2025-06-30 08:57:32,Kien Giang-Ha Tien,Ha Tien,29.77,29.77,29.77,70.0,34.48,10000.0,0.0,100.0,6.04,9.67,286.0,1008.0,1,804,Clouds,overcast clouds,04d
2025-06-30 08:59:33,Kien Giang-Ha Tien,Ha Tien,29.77,29.77,29.77,70.0,34.48,10000.0,0.0,100.0,6.04,9.67,286.0,1008.0,1,804,Clouds,overcast clouds,04d
2025-06-30 09:01:32,Kien Giang-Ha Tien,Ha Tien,29.77,29.77,29.77,70.0,34.48,10000.0,0.0,100.0,6.04,9.67,286.0,1008.0,1,804,Clouds,overcast clouds,04d
2025-06-30 09:03:33,Kien Giang-Ha Tien,Ha Tien,29.77,29.77,29.77,70.0,34.48,10000.0,0.0,100.0,6.04,9.67,286.0,1008.0,1,804,Clouds,overcast clouds,04d
